{
  "trainedAt": "2026-07-21T09:34:03.771626+00:00",
  "sampleCount": 16082,
  "positiveRate": 0.4986941922646437,
  "forwardDays": 50,
  "labelMode": "relative",
  "featureNames": [
    "priceVsMa5",
    "ma5VsMa20",
    "ma20VsMa60",
    "rsiNorm",
    "macdHistNorm",
    "bbPercentB",
    "logVolumeRatio"
  ],
  "featureMeans": [
    0.005611566485945692,
    0.02641936953842628,
    0.061349078253362097,
    0.10447777488428582,
    0.0005524507856002425,
    0.597289883833802,
    -0.09653463470933454
  ],
  "featureStds": [
    0.04069853787106087,
    0.07247532393240996,
    0.10194517349969624,
    0.3214492725094086,
    0.01171626008580246,
    0.3274131919905229,
    0.5229880026653355
  ],
  "weights": [
    -0.04231040262646228,
    0.01924847661533025,
    0.11993703060252275,
    0.004021725588384706,
    -0.13772826936790206,
    0.1725879307725997,
    -0.019379736967083904
  ],
  "bias": -0.005117160823014179,
  "holdoutAccuracy": 0.5431403148987592,
  "holdoutAuc": 0.5498359761682945,
  "baselineAccuracy": 0.5024082280741781,
  "noVolumeAccuracy": 0.540301436068693,
  "noVolumeAuc": 0.549452043677625,
  "walkForwardFolds": 3
}