{
  "trainedAt": "2026-07-20T09:34:12.204704+00:00",
  "sampleCount": 16068,
  "positiveRate": 0.3594722429673886,
  "forwardDays": 50,
  "labelMode": "relative",
  "featureNames": [
    "priceVsMa5",
    "ma5VsMa20",
    "ma20VsMa60",
    "rsiNorm",
    "macdHistNorm",
    "bbPercentB",
    "logVolumeRatio"
  ],
  "featureMeans": [
    0.0055836870502559,
    0.026382857525399553,
    0.06131580362957895,
    0.10434340516982928,
    0.0005486054350699292,
    0.5971610939707572,
    -0.09695173010709246
  ],
  "featureStds": [
    0.040695580911455906,
    0.07240584050507268,
    0.10191107252570882,
    0.3213695026779258,
    0.011716038175358082,
    0.32742595002273805,
    0.5228157331036826
  ],
  "weights": [
    -0.0007510196926729274,
    0.12753023731705287,
    0.1284680603596835,
    -0.007249626604884567,
    -0.16247984200024576,
    0.13111366775575067,
    0.01158804003288416
  ],
  "bias": -0.5845662560396376,
  "holdoutAccuracy": 0.6325547524171378,
  "holdoutAuc": 0.5679335087876364,
  "baselineAccuracy": 0.6663003892132332,
  "noVolumeAccuracy": 0.6321877284568416,
  "noVolumeAuc": 0.5685233617663806,
  "walkForwardFolds": 3
}